{"cameraMode":{"drawMode":0,"name":"Shaded","section":"Shading Mode"},"sceneLighting":true,"audioPlay":false,"sceneViewState":{"showFog":true,"showMaterialUpdate":true,"showSkybox":true,"showFlares":true,"showImageEffects":true,"showParticleSystems":true},"in2DMode":false,"pivot":{"x":-17.31100845336914,"y":0.5835292339324951,"z":31.860958099365236},"rotation":{"x":-0.04678214713931084,"y":0.021573031321167947,"z":-0.00100877380464226,"w":-0.9986886382102966},"size":34.094417572021487,"orthographic":false}