{"cameraMode":{"drawMode":0,"name":"Shaded","section":"Shading Mode"},"sceneLighting":true,"audioPlay":false,"sceneViewState":{"showFog":true,"showMaterialUpdate":true,"showSkybox":true,"showFlares":true,"showImageEffects":true,"showParticleSystems":true},"in2DMode":false,"pivot":{"x":-0.6099000573158264,"y":-1.3309125900268555,"z":3.6673507690429689},"rotation":{"x":0.10462795943021774,"y":0.05814467370510101,"z":-0.0061276815831661228,"w":0.9927919507026672},"size":19.689146041870118,"orthographic":false}