{"cameraMode":{"drawMode":0,"name":"Shaded","section":"Shading Mode"},"sceneLighting":true,"audioPlay":false,"sceneViewState":{"showFog":true,"showMaterialUpdate":true,"showSkybox":true,"showFlares":true,"showImageEffects":true,"showParticleSystems":true},"in2DMode":false,"pivot":{"x":-4.883053302764893,"y":-14.103404998779297,"z":32.09123611450195},"rotation":{"x":-0.21882207691669465,"y":-0.041848018765449527,"z":0.00939859263598919,"w":-0.9748422503471375},"size":53.14136505126953,"orthographic":false}