{"cameraMode":{"drawMode":0,"name":"Shaded","section":"Shading Mode"},"sceneLighting":true,"audioPlay":false,"sceneViewState":{"showFog":true,"showMaterialUpdate":true,"showSkybox":true,"showFlares":true,"showImageEffects":true,"showParticleSystems":true},"in2DMode":false,"pivot":{"x":-115.46744537353516,"y":25.371292114257814,"z":131.49066162109376},"rotation":{"x":-0.08421123027801514,"y":-0.002394795883446932,"z":0.00021056349214632064,"w":-0.9964703917503357},"size":762.3551635742188,"orthographic":false}